claimReasonText,memberHCId,transactionPath,serviceStartDate,providerTaxId,memberCode,providerLicenseNo,accumName,sourceSystemClaimId,memberContract,serviceEndDate,lastUpdtUsrId,organizationCode,visits,claimSource,providerNPIId,memberSource,accumStartDate,claimId,days,memberCase,accumEndDate,amount,memberTier,productType,diagnosisCode,claimNetwork
Non P2P,MEM000200,EA,2019-05-01,PROV12345,10,LIC12345,BASINDED,2019008SG00180999,AAAA,2019-05-01,AUTOTEST,,0,PY1,NPI12345,PY1,2019-01-01,2019008SG00180999,0,AUTO001,2019-12-31,50,0,MED,,T1
Non P2P,MEM000200,EA,2019-05-01,PROV12345,10,LIC12345,BASFMDED,2019008SG00180999,AAAA,2019-05-01,AUTOTEST,,0,PY1,NPI12345,PY1,2019-01-01,2019008SG00180999,0,AUTO001,2019-12-31,50,0,MED,,T1
Non P2P,MEM000200,EA,2019-05-01,PROV12345,10,LIC12345,HMINDOOP,2019008SG00180999,AAAA,2019-05-01,AUTOTEST,,0,PY1,NPI12345,PY1,2019-01-01,2019008SG00180999,0,AUTO001,2019-12-31,100,0,MED,,T1
Non P2P,MEM000200,EA,2019-05-01,PROV12345,10,LIC12345,HMFAMOOP,2019008SG00180999,AAAA,2019-05-01,AUTOTEST,,0,PY1,NPI12345,PY1,2019-01-01,2019008SG00180999,0,AUTO001,2019-12-31,100,0,MED,,T1
Non P2P,MEM000200,EA,2019-05-01,PROV12345,10,LIC12345,BASINDED,2019008SG00280999,AAAA,2019-05-01,AUTOTEST,,0,PY1,NPI12345,PY1,2019-01-01,2019008SG00280999,0,AUTO001,2019-12-31,40,0,MED,,T1
Non P2P,MEM000200,EA,2019-05-01,PROV12345,10,LIC12345,BASFMDED,2019008SG00280999,AAAA,2019-05-01,AUTOTEST,,0,PY1,NPI12345,PY1,2019-01-01,2019008SG00280999,0,AUTO001,2019-12-31,40,0,MED,,T1
Non P2P,MEM000200,EA,2019-05-01,PROV12345,10,LIC12345,HMINDOOP,2019008SG00280999,AAAA,2019-05-01,AUTOTEST,,0,PY1,NPI12345,PY1,2019-01-01,2019008SG00280999,0,AUTO001,2019-12-31,100,0,MED,,T1
Non P2P,MEM000200,EA,2019-05-01,PROV12345,10,LIC12345,HMFAMOOP,2019008SG00280999,AAAA,2019-05-01,AUTOTEST,,0,PY1,NPI12345,PY1,2019-01-01,2019008SG00280999,0,AUTO001,2019-12-31,100,0,MED,,T1
Non P2P,MEM000200,EA,2019-05-01,PROV12345,40,LIC12345,BASINDED,2019008SG00380999,AAAA,2019-05-01,AUTOTEST,,0,PY1,NPI12345,PY1,2019-01-01,2019008SG00380999,0,AUTO001,2019-12-31,30,0,MED,,T1
Non P2P,MEM000200,EA,2019-05-01,PROV12345,40,LIC12345,BASFMDED,2019008SG00380999,AAAA,2019-05-01,AUTOTEST,,0,PY1,NPI12345,PY1,2019-01-01,2019008SG00380999,0,AUTO001,2019-12-31,30,0,MED,,T1
Non P2P,MEM000200,EA,2019-05-01,PROV12345,40,LIC12345,HMINDOOP,2019008SG00380999,AAAA,2019-05-01,AUTOTEST,,0,PY1,NPI12345,PY1,2019-01-01,2019008SG00380999,0,AUTO001,2019-12-31,100,0,MED,,T1
Non P2P,MEM000200,EA,2019-05-01,PROV12345,40,LIC12345,HMFAMOOP,2019008SG00380999,AAAA,2019-05-01,AUTOTEST,,0,PY1,NPI12345,PY1,2019-01-01,2019008SG00380999,0,AUTO001,2019-12-31,100,0,MED,,T1
Non Cost share,MEM000200,EA,2019-05-01,PROV12345,10,LIC12345,FERTLFMX,2019008SG00480999,AAAA,2019-05-01,AUTOTEST,,0,PY1,NPI12345,PY1,2019-01-01,2019008SG00480999,2,AUTO001,2019-12-31,199,0,MED,,T1
Non Cost share,MEM000200,EA,2019-05-01,PROV12345,10,LIC12345,FERTLFMX,2019008SG00580999,AAAA,2019-05-01,AUTOTEST,,0,PY1,NPI12345,PY1,2019-01-01,2019008SG00580999,2,AUTO001,2019-12-31,99,0,MED,,T1
CF2/CF3,MEM000154,EA,2019-05-01,PROV12345,10,LIC12345,BASINDED,2019008SG00680999,IIII,2019-05-01,AUTOTEST,,0,PY1,NPI12345,PY1,2019-01-01,2019008SG00680999,0,AUTO002,2019-12-31,50,0,MED,,T1
CF2/CF3,MEM000154,EA,2019-05-01,PROV12345,10,LIC12345,BASFMDED,2019008SG00680999,IIII,2019-05-01,AUTOTEST,,0,PY1,NPI12345,PY1,2019-01-01,2019008SG00680999,0,AUTO002,2019-12-31,50,0,MED,,T1
CF2/CF3,MEM000154,EA,2019-05-01,PROV12345,10,LIC12345,HMINDOOP,2019008SG00680999,IIII,2019-05-01,AUTOTEST,,0,PY1,NPI12345,PY1,2019-01-01,2019008SG00680999,0,AUTO002,2019-12-31,100,0,MED,,T1
CF2/CF3,MEM000154,EA,2019-05-01,PROV12345,10,LIC12345,HMFAMOOP,2019008SG00680999,IIII,2019-05-01,AUTOTEST,,0,PY1,NPI12345,PY1,2019-01-01,2019008SG00680999,0,AUTO002,2019-12-31,100,0,MED,,T1
CF2/CF3,MEM000154,EA,2019-05-01,PROV12345,10,LIC12345,BASINDED,2019008SG00780999,IIII,2019-05-01,AUTOTEST,,0,PY1,NPI12345,PY1,2019-01-01,2019008SG00780999,0,AUTO002,2019-12-31,40,0,MED,,T1
CF2/CF3,MEM000154,EA,2019-05-01,PROV12345,10,LIC12345,BASFMDED,2019008SG00780999,IIII,2019-05-01,AUTOTEST,,0,PY1,NPI12345,PY1,2019-01-01,2019008SG00780999,0,AUTO002,2019-12-31,40,0,MED,,T1
CF2/CF3,MEM000154,EA,2019-05-01,PROV12345,10,LIC12345,HMINDOOP,2019008SG00780999,IIII,2019-05-01,AUTOTEST,,0,PY1,NPI12345,PY1,2019-01-01,2019008SG00780999,0,AUTO002,2019-12-31,100,0,MED,,T1
CF2/CF3,MEM000154,EA,2019-05-01,PROV12345,10,LIC12345,HMFAMOOP,2019008SG00780999,IIII,2019-05-01,AUTOTEST,,0,PY1,NPI12345,PY1,2019-01-01,2019008SG00780999,0,AUTO002,2019-12-31,100,0,MED,,T1
CF2/CF3,MEM000154,EA,2019-05-01,PROV12345,40,LIC12345,BASINDED,2019008SG00880999,IIII,2019-05-01,AUTOTEST,,0,PY1,NPI12345,PY1,2019-01-01,2019008SG00880999,0,AUTO002,2019-12-31,30,0,MED,,T1
CF2/CF3,MEM000154,EA,2019-05-01,PROV12345,40,LIC12345,BASFMDED,2019008SG00880999,IIII,2019-05-01,AUTOTEST,,0,PY1,NPI12345,PY1,2019-01-01,2019008SG00880999,0,AUTO002,2019-12-31,30,0,MED,,T1
CF2/CF3,MEM000154,EA,2019-05-01,PROV12345,40,LIC12345,HMINDOOP,2019008SG00880999,IIII,2019-05-01,AUTOTEST,,0,PY1,NPI12345,PY1,2019-01-01,2019008SG00880999,0,AUTO002,2019-12-31,100,0,MED,,T1
CF2/CF3,MEM000154,EA,2019-05-01,PROV12345,40,LIC12345,HMFAMOOP,2019008SG00880999,IIII,2019-05-01,AUTOTEST,,0,PY1,NPI12345,PY1,2019-01-01,2019008SG00880999,0,AUTO002,2019-12-31,100,0,MED,,T1
CF2/CF3,MEM000154,EA,2019-05-01,PROV12345,40,LIC12345,BASINDED,2019008SG00980999,IIII,2019-05-01,AUTOTEST,,0,PY1,NPI12345,PY1,2019-01-01,2019008SG00980999,0,AUTO002,2019-12-31,50,0,MED,,T1
CF2/CF3,MEM000154,EA,2019-05-01,PROV12345,40,LIC12345,BASFMDED,2019008SG00980999,IIII,2019-05-01,AUTOTEST,,0,PY1,NPI12345,PY1,2019-01-01,2019008SG00980999,0,AUTO002,2019-12-31,50,0,MED,,T1
CF2/CF3,MEM000154,EA,2019-05-01,PROV12345,40,LIC12345,HMINDOOP,2019008SG00980999,IIII,2019-05-01,AUTOTEST,,0,PY1,NPI12345,PY1,2019-01-01,2019008SG00980999,0,AUTO002,2019-12-31,100,0,MED,,T1
CF2/CF3,MEM000154,EA,2019-05-01,PROV12345,40,LIC12345,HMFAMOOP,2019008SG00980999,IIII,2019-05-01,AUTOTEST,,0,PY1,NPI12345,PY1,2019-01-01,2019008SG00980999,0,AUTO002,2019-12-31,100,0,MED,,T1
CF2/CF3,MEM000154,EA,2019-05-01,PROV12345,50,LIC12345,BASINDED,2019008SG01080999,IIII,2019-05-01,AUTOTEST,,0,PY1,NPI12345,PY1,2019-01-01,2019008SG01080999,0,AUTO002,2019-12-31,30,0,MED,,T1
CF2/CF3,MEM000154,EA,2019-05-01,PROV12345,50,LIC12345,BASFMDED,2019008SG01080999,IIII,2019-05-01,AUTOTEST,,0,PY1,NPI12345,PY1,2019-01-01,2019008SG01080999,0,AUTO002,2019-12-31,30,0,MED,,T1
CF2/CF3,MEM000154,EA,2019-05-01,PROV12345,50,LIC12345,HMINDOOP,2019008SG01080999,IIII,2019-05-01,AUTOTEST,,0,PY1,NPI12345,PY1,2019-01-01,2019008SG01080999,0,AUTO002,2019-12-31,100,0,MED,,T1
CF2/CF3,MEM000154,EA,2019-05-01,PROV12345,50,LIC12345,HMFAMOOP,2019008SG01080999,IIII,2019-05-01,AUTOTEST,,0,PY1,NPI12345,PY1,2019-01-01,2019008SG01080999,0,AUTO002,2019-12-31,100,0,MED,,T1
CF2/CF3,MEM000154,EA,2019-05-01,PROV12345,50,LIC12345,BASINDED,2019008SG01180999,IIII,2019-05-01,AUTOTEST,,0,PY1,NPI12345,PY1,2019-01-01,2019008SG01180999,0,AUTO002,2019-12-31,50,0,MED,,T1
CF2/CF3,MEM000154,EA,2019-05-01,PROV12345,50,LIC12345,BASFMDED,2019008SG01180999,IIII,2019-05-01,AUTOTEST,,0,PY1,NPI12345,PY1,2019-01-01,2019008SG01180999,0,AUTO002,2019-12-31,50,0,MED,,T1
CF2/CF3,MEM000154,EA,2019-05-01,PROV12345,50,LIC12345,HMINDOOP,2019008SG01180999,IIII,2019-05-01,AUTOTEST,,0,PY1,NPI12345,PY1,2019-01-01,2019008SG01180999,0,AUTO002,2019-12-31,100,0,MED,,T1
CF2/CF3,MEM000154,EA,2019-05-01,PROV12345,50,LIC12345,HMFAMOOP,2019008SG01180999,IIII,2019-05-01,AUTOTEST,,0,PY1,NPI12345,PY1,2019-01-01,2019008SG01180999,0,AUTO002,2019-12-31,100,0,MED,,T1
Commingled,MEM000002,EA,2019-05-01,PROV12345,10,LIC12345,NINDED,2019008SG02080999,BBBB,2019-05-01,AUTOTEST,,0,PY1,NPI12345,PY1,2019-01-01,2019008SG02080999,0,AUTO005,2019-12-31,50,1,MED,,T2
Commingled,MEM000002,EA,2019-05-01,PROV12345,10,LIC12345,NFMDED,2019008SG02080999,BBBB,2019-05-01,AUTOTEST,,0,PY1,NPI12345,PY1,2019-01-01,2019008SG02080999,0,AUTO005,2019-12-31,50,1,MED,,T2
Commingled,MEM000002,EA,2019-05-01,PROV12345,10,LIC12345,OINOP,2019008SG02080999,BBBB,2019-05-01,AUTOTEST,,0,PY1,NPI12345,PY1,2019-01-01,2019008SG02080999,0,AUTO005,2019-12-31,100,1,MED,,T2
Commingled,MEM000002,EA,2019-05-01,PROV12345,10,LIC12345,FOOPNPOC,2019008SG02080999,BBBB,2019-05-01,AUTOTEST,,0,PY1,NPI12345,PY1,2019-01-01,2019008SG02080999,0,AUTO005,2019-12-31,100,1,MED,,T2
Commingled,MEM000002,EA,2019-05-01,PROV12345,10,LIC12345,NINDED,2019008SG02180999,BBBB,2019-05-01,AUTOTEST,,0,PY1,NPI12345,PY1,2019-01-01,2019008SG02180999,0,AUTO005,2019-12-31,40,1,MED,,T2
Commingled,MEM000002,EA,2019-05-01,PROV12345,10,LIC12345,NFMDED,2019008SG02180999,BBBB,2019-05-01,AUTOTEST,,0,PY1,NPI12345,PY1,2019-01-01,2019008SG02180999,0,AUTO005,2019-12-31,40,1,MED,,T2
Commingled,MEM000002,EA,2019-05-01,PROV12345,10,LIC12345,OINOP,2019008SG02180999,BBBB,2019-05-01,AUTOTEST,,0,PY1,NPI12345,PY1,2019-01-01,2019008SG02180999,0,AUTO005,2019-12-31,100,1,MED,,T2
Commingled,MEM000002,EA,2019-05-01,PROV12345,10,LIC12345,FOOPNPOC,2019008SG02180999,BBBB,2019-05-01,AUTOTEST,,0,PY1,NPI12345,PY1,2019-01-01,2019008SG02180999,0,AUTO005,2019-12-31,100,1,MED,,T2
Commingled,MEM000002,EA,2019-05-01,PROV12345,10,LIC12345,NINDED,2019008SG02280999,BBBB,2019-05-01,AUTOTEST,,0,PY1,NPI12345,PY1,2019-01-01,2019008SG02280999,0,AUTO005,2019-12-31,60,1,RX,,T2
Commingled,MEM000002,EA,2019-05-01,PROV12345,10,LIC12345,NFMDED,2019008SG02280999,BBBB,2019-05-01,AUTOTEST,,0,PY1,NPI12345,PY1,2019-01-01,2019008SG02280999,0,AUTO005,2019-12-31,60,1,RX,,T2
Commingled,MEM000002,EA,2019-05-01,PROV12345,10,LIC12345,OINOP,2019008SG02280999,BBBB,2019-05-01,AUTOTEST,,0,PY1,NPI12345,PY1,2019-01-01,2019008SG02280999,0,AUTO005,2019-12-31,50,1,RX,,T2
Commingled,MEM000002,EA,2019-05-01,PROV12345,10,LIC12345,FOOPNPOC,2019008SG02280999,BBBB,2019-05-01,AUTOTEST,,0,PY1,NPI12345,PY1,2019-01-01,2019008SG02280999,0,AUTO005,2019-12-31,50,1,RX,,T2
Dual Update,MEM000003,EA,2019-05-01,PROV12345,10,LIC12345,PINDED,2019008SG01280999,SSSS,2019-05-01,AUTOTEST,,0,PY1,NPI12345,PY1,2019-01-01,2019008SG01280999,0,AUTO003,2019-12-31,50,0,MED,,T1
Dual Update,MEM000003,EA,2019-05-01,PROV12345,10,LIC12345,PFMDED,2019008SG01280999,SSSS,2019-05-01,AUTOTEST,,0,PY1,NPI12345,PY1,2019-01-01,2019008SG01280999,0,AUTO003,2019-12-31,50,0,MED,,T1
Dual Update,MEM000003,EA,2019-05-01,PROV12345,10,LIC12345,IINOOP,2019008SG01280999,SSSS,2019-05-01,AUTOTEST,,0,PY1,NPI12345,PY1,2019-01-01,2019008SG01280999,0,AUTO003,2019-12-31,100,0,MED,,T1
Dual Update,MEM000003,EA,2019-05-01,PROV12345,10,LIC12345,FOOPPBOC,2019008SG01280999,SSSS,2019-05-01,AUTOTEST,,0,PY1,NPI12345,PY1,2019-01-01,2019008SG01280999,0,AUTO003,2019-12-31,100,0,MED,,T1
Dual Update,MEM000003,EA,2019-05-01,PROV12345,10,LIC12345,NINDED,2019008SG01380999,SSSS,2019-05-01,AUTOTEST,,0,PY1,NPI12345,PY1,2019-01-01,2019008SG01380999,0,AUTO003,2019-12-31,40,0,MED,,T2
Dual Update,MEM000003,EA,2019-05-01,PROV12345,10,LIC12345,NFMDED,2019008SG01380999,SSSS,2019-05-01,AUTOTEST,,0,PY1,NPI12345,PY1,2019-01-01,2019008SG01380999,0,AUTO003,2019-12-31,40,0,MED,,T2
Dual Update,MEM000003,EA,2019-05-01,PROV12345,10,LIC12345,OINOOP,2019008SG01380999,SSSS,2019-05-01,AUTOTEST,,0,PY1,NPI12345,PY1,2019-01-01,2019008SG01380999,0,AUTO003,2019-12-31,100,0,MED,,T2
Dual Update,MEM000003,EA,2019-05-01,PROV12345,10,LIC12345,FOOPNPOC,2019008SG01380999,SSSS,2019-05-01,AUTOTEST,,0,PY1,NPI12345,PY1,2019-01-01,2019008SG01380999,0,AUTO003,2019-12-31,100,0,MED,,T2
Dual Update,MEM000003,EA,2019-05-01,PROV12345,40,LIC12345,PINDED,2019008SG01480999,SSSS,2019-05-01,AUTOTEST,,0,PY1,NPI12345,PY1,2019-01-01,2019008SG01480999,0,AUTO003,2019-12-31,30,0,MED,,T1
Dual Update,MEM000003,EA,2019-05-01,PROV12345,40,LIC12345,PFMDED,2019008SG01480999,SSSS,2019-05-01,AUTOTEST,,0,PY1,NPI12345,PY1,2019-01-01,2019008SG01480999,0,AUTO003,2019-12-31,30,0,MED,,T1
Dual Update,MEM000003,EA,2019-05-01,PROV12345,40,LIC12345,IINOOP,2019008SG01480999,SSSS,2019-05-01,AUTOTEST,,0,PY1,NPI12345,PY1,2019-01-01,2019008SG01480999,0,AUTO003,2019-12-31,100,0,MED,,T1
Dual Update,MEM000003,EA,2019-05-01,PROV12345,40,LIC12345,FOOPPBOC,2019008SG01480999,SSSS,2019-05-01,AUTOTEST,,0,PY1,NPI12345,PY1,2019-01-01,2019008SG01480999,0,AUTO003,2019-12-31,100,0,MED,,T1
Dual Update,MEM000003,EA,2019-05-01,PROV12345,40,LIC12345,NINDED,2019008SG01580999,SSSS,2019-05-01,AUTOTEST,,0,PY1,NPI12345,PY1,2019-01-01,2019008SG01580999,0,AUTO003,2019-12-31,50,0,MED,,T2
Dual Update,MEM000003,EA,2019-05-01,PROV12345,40,LIC12345,NFMDED,2019008SG01580999,SSSS,2019-05-01,AUTOTEST,,0,PY1,NPI12345,PY1,2019-01-01,2019008SG01580999,0,AUTO003,2019-12-31,50,0,MED,,T2
Dual Update,MEM000003,EA,2019-05-01,PROV12345,40,LIC12345,OINOOP,2019008SG01580999,SSSS,2019-05-01,AUTOTEST,,0,PY1,NPI12345,PY1,2019-01-01,2019008SG01580999,0,AUTO003,2019-12-31,100,0,MED,,T2
Dual Update,MEM000003,EA,2019-05-01,PROV12345,40,LIC12345,FOOPNPOC,2019008SG01580999,SSSS,2019-05-01,AUTOTEST,,0,PY1,NPI12345,PY1,2019-01-01,2019008SG01580999,0,AUTO003,2019-12-31,100,0,MED,,T2
Cross App,MEM000005,EA,2019-05-01,PROV12345,10,LIC12345,PINDED,2019008SG01680999,TTTT,2019-05-01,AUTOTEST,,0,PY1,NPI12345,PY1,2019-01-01,2019008SG01680999,0,AUTO004,2019-12-31,50,0,MED,,T1
Cross App,MEM000005,EA,2019-05-01,PROV12345,10,LIC12345,PFMDED,2019008SG01680999,TTTT,2019-05-01,AUTOTEST,,0,PY1,NPI12345,PY1,2019-01-01,2019008SG01680999,0,AUTO004,2019-12-31,50,0,MED,,T1
Cross App,MEM000005,EA,2019-05-01,PROV12345,10,LIC12345,IINOOP,2019008SG01680999,TTTT,2019-05-01,AUTOTEST,,0,PY1,NPI12345,PY1,2019-01-01,2019008SG01680999,0,AUTO004,2019-12-31,100,0,MED,,T1
Cross App,MEM000005,EA,2019-05-01,PROV12345,10,LIC12345,FOOPPBOC,2019008SG01680999,TTTT,2019-05-01,AUTOTEST,,0,PY1,NPI12345,PY1,2019-01-01,2019008SG01680999,0,AUTO004,2019-12-31,100,0,MED,,T1
Cross App,MEM000005,EA,2019-05-01,PROV12345,10,LIC12345,NINDED,2019008SG01780999,TTTT,2019-05-01,AUTOTEST,,0,PY1,NPI12345,PY1,2019-01-01,2019008SG01780999,0,AUTO004,2019-12-31,40,0,MED,,T2
Cross App,MEM000005,EA,2019-05-01,PROV12345,10,LIC12345,NFMDED,2019008SG01780999,TTTT,2019-05-01,AUTOTEST,,0,PY1,NPI12345,PY1,2019-01-01,2019008SG01780999,0,AUTO004,2019-12-31,40,0,MED,,T2
Cross App,MEM000005,EA,2019-05-01,PROV12345,10,LIC12345,OINOOP,2019008SG01780999,TTTT,2019-05-01,AUTOTEST,,0,PY1,NPI12345,PY1,2019-01-01,2019008SG01780999,0,AUTO004,2019-12-31,100,0,MED,,T2
Cross App,MEM000005,EA,2019-05-01,PROV12345,10,LIC12345,FOOPNPOC,2019008SG01780999,TTTT,2019-05-01,AUTOTEST,,0,PY1,NPI12345,PY1,2019-01-01,2019008SG01780999,0,AUTO004,2019-12-31,100,0,MED,,T2
Cross App,MEM000005,EA,2019-05-01,PROV12345,40,LIC12345,PINDED,2019008SG01880999,TTTT,2019-05-01,AUTOTEST,,0,PY1,NPI12345,PY1,2019-01-01,2019008SG01880999,0,AUTO004,2019-12-31,30,0,MED,,T1
Cross App,MEM000005,EA,2019-05-01,PROV12345,40,LIC12345,PFMDED,2019008SG01880999,TTTT,2019-05-01,AUTOTEST,,0,PY1,NPI12345,PY1,2019-01-01,2019008SG01880999,0,AUTO004,2019-12-31,30,0,MED,,T1
Cross App,MEM000005,EA,2019-05-01,PROV12345,40,LIC12345,IINOOP,2019008SG01880999,TTTT,2019-05-01,AUTOTEST,,0,PY1,NPI12345,PY1,2019-01-01,2019008SG01880999,0,AUTO004,2019-12-31,100,0,MED,,T1
Cross App,MEM000005,EA,2019-05-01,PROV12345,40,LIC12345,FOOPPBOC,2019008SG01880999,TTTT,2019-05-01,AUTOTEST,,0,PY1,NPI12345,PY1,2019-01-01,2019008SG01880999,0,AUTO004,2019-12-31,100,0,MED,,T1
Cross App,MEM000005,EA,2019-05-01,PROV12345,40,LIC12345,NINDED,2019008SG01980999,TTTT,2019-05-01,AUTOTEST,,0,PY1,NPI12345,PY1,2019-01-01,2019008SG01980999,0,AUTO004,2019-12-31,50,0,MED,,T2
Cross App,MEM000005,EA,2019-05-01,PROV12345,40,LIC12345,NFMDED,2019008SG01980999,TTTT,2019-05-01,AUTOTEST,,0,PY1,NPI12345,PY1,2019-01-01,2019008SG01980999,0,AUTO004,2019-12-31,50,0,MED,,T2
Cross App,MEM000005,EA,2019-05-01,PROV12345,40,LIC12345,OINOOP,2019008SG01980999,TTTT,2019-05-01,AUTOTEST,,0,PY1,NPI12345,PY1,2019-01-01,2019008SG01980999,0,AUTO004,2019-12-31,100,0,MED,,T2
Cross App,MEM000005,EA,2019-05-01,PROV12345,40,LIC12345,FOOPNPOC,2019008SG01980999,TTTT,2019-05-01,AUTOTEST,,0,PY1,NPI12345,PY1,2019-01-01,2019008SG01980999,0,AUTO004,2019-12-31,100,0,MED,,T2
Member Tier,MEM000004,EA,2019-05-01,PROV12345,10,LIC12345,BASINDED,2019008SG02380999,B1B1,2019-05-01,AUTOTEST,,0,PY1,NPI12345,PY1,2019-01-01,2019008SG02380999,0,AUTO006,2019-12-31,50,1,MED,,T1
Member Tier,MEM000004,EA,2019-05-01,PROV12345,10,LIC12345,BASFMDED,2019008SG02380999,B1B1,2019-05-01,AUTOTEST,,0,PY1,NPI12345,PY1,2019-01-01,2019008SG02380999,0,AUTO006,2019-12-31,50,1,MED,,T1
Member Tier,MEM000004,EA,2019-05-01,PROV12345,10,LIC12345,HMINDOOP,2019008SG02380999,B1B1,2019-05-01,AUTOTEST,,0,PY1,NPI12345,PY1,2019-01-01,2019008SG02380999,0,AUTO006,2019-12-31,100,1,MED,,T1
Member Tier,MEM000004,EA,2019-05-01,PROV12345,10,LIC12345,HMFAMOOP,2019008SG02380999,B1B1,2019-05-01,AUTOTEST,,0,PY1,NPI12345,PY1,2019-01-01,2019008SG02380999,0,AUTO006,2019-12-31,100,1,MED,,T1
Member Tier,MEM000004,EA,2019-05-01,PROV12345,10,LIC12345,BASINDED,2019008SG02480999,B1B1,2019-05-01,AUTOTEST,,0,PY1,NPI12345,PY1,2019-01-01,2019008SG02480999,0,AUTO006,2019-12-31,40,1,MED,,T1
Member Tier,MEM000004,EA,2019-05-01,PROV12345,10,LIC12345,BASFMDED,2019008SG02480999,B1B1,2019-05-01,AUTOTEST,,0,PY1,NPI12345,PY1,2019-01-01,2019008SG02480999,0,AUTO006,2019-12-31,40,1,MED,,T1
Member Tier,MEM000004,EA,2019-05-01,PROV12345,10,LIC12345,HMINDOOP,2019008SG02480999,B1B1,2019-05-01,AUTOTEST,,0,PY1,NPI12345,PY1,2019-01-01,2019008SG02480999,0,AUTO006,2019-12-31,100,1,MED,,T1
Member Tier,MEM000004,EA,2019-05-01,PROV12345,10,LIC12345,HMFAMOOP,2019008SG02480999,B1B1,2019-05-01,AUTOTEST,,0,PY1,NPI12345,PY1,2019-01-01,2019008SG02480999,0,AUTO006,2019-12-31,100,1,MED,,T1
CY TO CY,MEM000007,EA,2019-10-01,PROV12345,10,LIC12345,BASINDED,2019008SG06280999,QQQQ,2019-10-01,AUTOTEST,,0,PY1,NPI12345,PY1,2019-01-01,2019008SG06280999,0,AUTO008,2019-12-31,50,0,MED,,T1
CY TO CY,MEM000007,EA,2019-10-01,PROV12345,10,LIC12345,BASFMDED,2019008SG06280999,QQQQ,2019-10-01,AUTOTEST,,0,PY1,NPI12345,PY1,2019-01-01,2019008SG06280999,0,AUTO008,2019-12-31,50,0,MED,,T1
CY TO CY,MEM000007,EA,2019-10-01,PROV12345,10,LIC12345,HMINDOOP,2019008SG06280999,QQQQ,2019-10-01,AUTOTEST,,0,PY1,NPI12345,PY1,2019-01-01,2019008SG06280999,0,AUTO008,2019-12-31,100,0,MED,,T1
CY TO CY,MEM000007,EA,2019-10-01,PROV12345,10,LIC12345,HMFAMOOP,2019008SG06280999,QQQQ,2019-10-01,AUTOTEST,,0,PY1,NPI12345,PY1,2019-01-01,2019008SG06280999,0,AUTO008,2019-12-31,100,0,MED,,T1
CY TO CY,MEM000007,EA,2019-10-01,PROV12345,10,LIC12345,BASINDED,2019008SG06380999,QQQQ,2019-10-01,AUTOTEST,,0,PY1,NPI12345,PY1,2019-01-01,2019008SG06380999,0,AUTO008,2019-12-31,40,0,MED,,T1
CY TO CY,MEM000007,EA,2019-10-01,PROV12345,10,LIC12345,BASFMDED,2019008SG06380999,QQQQ,2019-10-01,AUTOTEST,,0,PY1,NPI12345,PY1,2019-01-01,2019008SG06380999,0,AUTO008,2019-12-31,40,0,MED,,T1
CY TO CY,MEM000007,EA,2019-10-01,PROV12345,10,LIC12345,HMINDOOP,2019008SG06380999,QQQQ,2019-10-01,AUTOTEST,,0,PY1,NPI12345,PY1,2019-01-01,2019008SG06380999,0,AUTO008,2019-12-31,100,0,MED,,T1
CY TO CY,MEM000007,EA,2019-10-01,PROV12345,10,LIC12345,HMFAMOOP,2019008SG06380999,QQQQ,2019-10-01,AUTOTEST,,0,PY1,NPI12345,PY1,2019-01-01,2019008SG06380999,0,AUTO008,2019-12-31,100,0,MED,,T1
CY TO CY,MEM000007,EA,2019-10-01,PROV12345,40,LIC12345,BASINDED,2019008SG06480999,QQQQ,2019-10-01,AUTOTEST,,0,PY1,NPI12345,PY1,2019-01-01,2019008SG06480999,0,AUTO008,2019-12-31,30,0,MED,,T1
CY TO CY,MEM000007,EA,2019-10-01,PROV12345,40,LIC12345,BASFMDED,2019008SG06480999,QQQQ,2019-10-01,AUTOTEST,,0,PY1,NPI12345,PY1,2019-01-01,2019008SG06480999,0,AUTO008,2019-12-31,30,0,MED,,T1
CY TO CY,MEM000007,EA,2019-10-01,PROV12345,40,LIC12345,HMINDOOP,2019008SG06480999,QQQQ,2019-10-01,AUTOTEST,,0,PY1,NPI12345,PY1,2019-01-01,2019008SG06480999,0,AUTO008,2019-12-31,100,0,MED,,T1
CY TO CY,MEM000007,EA,2019-10-01,PROV12345,40,LIC12345,HMFAMOOP,2019008SG06480999,QQQQ,2019-10-01,AUTOTEST,,0,PY1,NPI12345,PY1,2019-01-01,2019008SG06480999,0,AUTO008,2019-12-31,100,0,MED,,T1
CY TO CY,MEM000007,EA,2019-11-01,PROV12345,10,LIC12345,BASINDED,2019008SG06580999,QQQ1,2019-11-01,AUTOTEST,,0,PY1,NPI12345,PY1,2019-01-01,2019008SG06580999,0,AUTO008,2019-12-31,50,0,MED,,T1
CY TO CY,MEM000007,EA,2019-11-01,PROV12345,10,LIC12345,BASFMDED,2019008SG06580999,QQQ1,2019-11-01,AUTOTEST,,0,PY1,NPI12345,PY1,2019-01-01,2019008SG06580999,0,AUTO008,2019-12-31,50,0,MED,,T1
CY TO CY,MEM000007,EA,2019-11-01,PROV12345,10,LIC12345,HMINDOOP,2019008SG06580999,QQQ1,2019-11-01,AUTOTEST,,0,PY1,NPI12345,PY1,2019-01-01,2019008SG06580999,0,AUTO008,2019-12-31,100,0,MED,,T1
CY TO CY,MEM000007,EA,2019-11-01,PROV12345,10,LIC12345,HMFAMOOP,2019008SG06580999,QQQ1,2019-11-01,AUTOTEST,,0,PY1,NPI12345,PY1,2019-01-01,2019008SG06580999,0,AUTO008,2019-12-31,100,0,MED,,T1
CY TO CY,MEM000007,EA,2019-11-01,PROV12345,10,LIC12345,BASINDED,2019008SG06680999,QQQ1,2019-11-01,AUTOTEST,,0,PY1,NPI12345,PY1,2019-01-01,2019008SG06680999,0,AUTO008,2019-12-31,40,0,MED,,T1
CY TO CY,MEM000007,EA,2019-11-01,PROV12345,10,LIC12345,BASFMDED,2019008SG06680999,QQQ1,2019-11-01,AUTOTEST,,0,PY1,NPI12345,PY1,2019-01-01,2019008SG06680999,0,AUTO008,2019-12-31,40,0,MED,,T1
CY TO CY,MEM000007,EA,2019-11-01,PROV12345,10,LIC12345,HMINDOOP,2019008SG06680999,QQQ1,2019-11-01,AUTOTEST,,0,PY1,NPI12345,PY1,2019-01-01,2019008SG06680999,0,AUTO008,2019-12-31,100,0,MED,,T1
CY TO CY,MEM000007,EA,2019-11-01,PROV12345,10,LIC12345,HMFAMOOP,2019008SG06680999,QQQ1,2019-11-01,AUTOTEST,,0,PY1,NPI12345,PY1,2019-01-01,2019008SG06680999,0,AUTO008,2019-12-31,100,0,MED,,T1
CY TO CY,MEM000007,EA,2019-11-01,PROV12345,40,LIC12345,BASINDED,2019008SG06780999,QQQ1,2019-11-01,AUTOTEST,,0,PY1,NPI12345,PY1,2019-01-01,2019008SG06780999,0,AUTO008,2019-12-31,30,0,MED,,T1
CY TO CY,MEM000007,EA,2019-11-01,PROV12345,40,LIC12345,BASFMDED,2019008SG06780999,QQQ1,2019-11-01,AUTOTEST,,0,PY1,NPI12345,PY1,2019-01-01,2019008SG06780999,0,AUTO008,2019-12-31,30,0,MED,,T1
CY TO CY,MEM000007,EA,2019-11-01,PROV12345,40,LIC12345,HMINDOOP,2019008SG06780999,QQQ1,2019-11-01,AUTOTEST,,0,PY1,NPI12345,PY1,2019-01-01,2019008SG06780999,0,AUTO008,2019-12-31,100,0,MED,,T1
CY TO CY,MEM000007,EA,2019-11-01,PROV12345,40,LIC12345,HMFAMOOP,2019008SG06780999,QQQ1,2019-11-01,AUTOTEST,,0,PY1,NPI12345,PY1,2019-01-01,2019008SG06780999,0,AUTO008,2019-12-31,100,0,MED,,T1
BY TO BY,MEM000008,EA,2019-04-01,PROV12345,10,LIC12345,BASINDED,2019008SG06880999,RRRR,2019-04-01,AUTOTEST,,0,PY1,NPI12345,PY1,2019-02-01,2019008SG06880999,0,AUTO009,2020-01-31,50,0,MED,,T1
BY TO BY,MEM000008,EA,2019-04-01,PROV12345,10,LIC12345,BASFMDED,2019008SG06880999,RRRR,2019-04-01,AUTOTEST,,0,PY1,NPI12345,PY1,2019-02-01,2019008SG06880999,0,AUTO009,2020-01-31,50,0,MED,,T1
BY TO BY,MEM000008,EA,2019-04-01,PROV12345,10,LIC12345,HMINDOOP,2019008SG06880999,RRRR,2019-04-01,AUTOTEST,,0,PY1,NPI12345,PY1,2019-02-01,2019008SG06880999,0,AUTO009,2020-01-31,100,0,MED,,T1
BY TO BY,MEM000008,EA,2019-04-01,PROV12345,10,LIC12345,HMFAMOOP,2019008SG06880999,RRRR,2019-04-01,AUTOTEST,,0,PY1,NPI12345,PY1,2019-02-01,2019008SG06880999,0,AUTO009,2020-01-31,100,0,MED,,T1
BY TO BY,MEM000008,EA,2019-04-01,PROV12345,10,LIC12345,BASINDED,2019008SG06980999,RRRR,2019-04-01,AUTOTEST,,0,PY1,NPI12345,PY1,2019-02-01,2019008SG06980999,0,AUTO009,2020-01-31,40,0,MED,,T1
BY TO BY,MEM000008,EA,2019-04-01,PROV12345,10,LIC12345,BASFMDED,2019008SG06980999,RRRR,2019-04-01,AUTOTEST,,0,PY1,NPI12345,PY1,2019-02-01,2019008SG06980999,0,AUTO009,2020-01-31,40,0,MED,,T1
BY TO BY,MEM000008,EA,2019-04-01,PROV12345,10,LIC12345,HMINDOOP,2019008SG06980999,RRRR,2019-04-01,AUTOTEST,,0,PY1,NPI12345,PY1,2019-02-01,2019008SG06980999,0,AUTO009,2020-01-31,100,0,MED,,T1
BY TO BY,MEM000008,EA,2019-04-01,PROV12345,10,LIC12345,HMFAMOOP,2019008SG06980999,RRRR,2019-04-01,AUTOTEST,,0,PY1,NPI12345,PY1,2019-02-01,2019008SG06980999,0,AUTO009,2020-01-31,100,0,MED,,T1
BY TO BY,MEM000008,EA,2019-04-01,PROV12345,40,LIC12345,BASINDED,2019008SG07080999,RRRR,2019-04-01,AUTOTEST,,0,PY1,NPI12345,PY1,2019-02-01,2019008SG07080999,0,AUTO009,2020-01-31,30,0,MED,,T1
BY TO BY,MEM000008,EA,2019-04-01,PROV12345,40,LIC12345,BASFMDED,2019008SG07080999,RRRR,2019-04-01,AUTOTEST,,0,PY1,NPI12345,PY1,2019-02-01,2019008SG07080999,0,AUTO009,2020-01-31,30,0,MED,,T1
BY TO BY,MEM000008,EA,2019-04-01,PROV12345,40,LIC12345,HMINDOOP,2019008SG07080999,RRRR,2019-04-01,AUTOTEST,,0,PY1,NPI12345,PY1,2019-02-01,2019008SG07080999,0,AUTO009,2020-01-31,100,0,MED,,T1
BY TO BY,MEM000008,EA,2019-04-01,PROV12345,40,LIC12345,HMFAMOOP,2019008SG07080999,RRRR,2019-04-01,AUTOTEST,,0,PY1,NPI12345,PY1,2019-02-01,2019008SG07080999,0,AUTO009,2020-01-31,100,0,MED,,T1
BY TO BY,MEM000008,EA,2019-06-01,PROV12345,10,LIC12345,BASINDED,2019008SG07180999,RRR1,2019-06-01,AUTOTEST,,0,PY1,NPI12345,PY1,2019-02-01,2019008SG07180999,0,AUTO009,2020-01-31,50,0,MED,,T1
BY TO BY,MEM000008,EA,2019-06-01,PROV12345,10,LIC12345,BASFMDED,2019008SG07180999,RRR1,2019-06-01,AUTOTEST,,0,PY1,NPI12345,PY1,2019-02-01,2019008SG07180999,0,AUTO009,2020-01-31,50,0,MED,,T1
BY TO BY,MEM000008,EA,2019-06-01,PROV12345,10,LIC12345,HMINDOOP,2019008SG07180999,RRR1,2019-06-01,AUTOTEST,,0,PY1,NPI12345,PY1,2019-02-01,2019008SG07180999,0,AUTO009,2020-01-31,100,0,MED,,T1
BY TO BY,MEM000008,EA,2019-06-01,PROV12345,10,LIC12345,HMFAMOOP,2019008SG07180999,RRR1,2019-06-01,AUTOTEST,,0,PY1,NPI12345,PY1,2019-02-01,2019008SG07180999,0,AUTO009,2020-01-31,100,0,MED,,T1
BY TO BY,MEM000008,EA,2019-06-01,PROV12345,10,LIC12345,BASINDED,2019008SG07280999,RRR1,2019-06-01,AUTOTEST,,0,PY1,NPI12345,PY1,2019-02-01,2019008SG07280999,0,AUTO009,2020-01-31,40,0,MED,,T1
BY TO BY,MEM000008,EA,2019-06-01,PROV12345,10,LIC12345,BASFMDED,2019008SG07280999,RRR1,2019-06-01,AUTOTEST,,0,PY1,NPI12345,PY1,2019-02-01,2019008SG07280999,0,AUTO009,2020-01-31,40,0,MED,,T1
BY TO BY,MEM000008,EA,2019-06-01,PROV12345,10,LIC12345,HMINDOOP,2019008SG07280999,RRR1,2019-06-01,AUTOTEST,,0,PY1,NPI12345,PY1,2019-02-01,2019008SG07280999,0,AUTO009,2020-01-31,100,0,MED,,T1
BY TO BY,MEM000008,EA,2019-06-01,PROV12345,10,LIC12345,HMFAMOOP,2019008SG07280999,RRR1,2019-06-01,AUTOTEST,,0,PY1,NPI12345,PY1,2019-02-01,2019008SG07280999,0,AUTO009,2020-01-31,100,0,MED,,T1
BY TO BY,MEM000008,EA,2019-06-01,PROV12345,40,LIC12345,BASINDED,2019008SG07380999,RRR1,2019-06-01,AUTOTEST,,0,PY1,NPI12345,PY1,2019-02-01,2019008SG07380999,0,AUTO009,2020-01-31,30,0,MED,,T1
BY TO BY,MEM000008,EA,2019-06-01,PROV12345,40,LIC12345,BASFMDED,2019008SG07380999,RRR1,2019-06-01,AUTOTEST,,0,PY1,NPI12345,PY1,2019-02-01,2019008SG07380999,0,AUTO009,2020-01-31,30,0,MED,,T1
BY TO BY,MEM000008,EA,2019-06-01,PROV12345,40,LIC12345,HMINDOOP,2019008SG07380999,RRR1,2019-06-01,AUTOTEST,,0,PY1,NPI12345,PY1,2019-02-01,2019008SG07380999,0,AUTO009,2020-01-31,100,0,MED,,T1
BY TO BY,MEM000008,EA,2019-06-01,PROV12345,40,LIC12345,HMFAMOOP,2019008SG07380999,RRR1,2019-06-01,AUTOTEST,,0,PY1,NPI12345,PY1,2019-02-01,2019008SG07380999,0,AUTO009,2020-01-31,100,0,MED,,T1
PPO to HMO,MEM000010,EA,2019-01-01,PROV12345,10,LIC12345,INDT1DED,2019008SG02680999,C1C1,2019-01-01,AUTOTEST,,0,PY1,NPI12345,PY1,2019-01-01,2019008SG02680999,0,AUTO007,2019-12-31,50,0,MED,,T1
PPO to HMO,MEM000010,EA,2019-01-01,PROV12345,10,LIC12345,FAMT1DED,2019008SG02680999,C1C1,2019-01-01,AUTOTEST,,0,PY1,NPI12345,PY1,2019-01-01,2019008SG02680999,0,AUTO007,2019-12-31,50,0,MED,,T1
PPO to HMO,MEM000010,EA,2019-01-01,PROV12345,10,LIC12345,INDT1OOP,2019008SG02680999,C1C1,2019-01-01,AUTOTEST,,0,PY1,NPI12345,PY1,2019-01-01,2019008SG02680999,0,AUTO007,2019-12-31,100,0,MED,,T1
PPO to HMO,MEM000010,EA,2019-01-01,PROV12345,10,LIC12345,FAMT1OOP,2019008SG02680999,C1C1,2019-01-01,AUTOTEST,,0,PY1,NPI12345,PY1,2019-01-01,2019008SG02680999,0,AUTO007,2019-12-31,100,0,MED,,T1
PPO to HMO,MEM000010,EA,2019-01-01,PROV12345,10,LIC12345,INDT1DED,2019008SG02780999,C1C1,2019-01-01,AUTOTEST,,0,PY1,NPI12345,PY1,2019-01-01,2019008SG02780999,0,AUTO007,2019-12-31,40,0,MED,,T1
PPO to HMO,MEM000010,EA,2019-01-01,PROV12345,10,LIC12345,FAMT1DED,2019008SG02780999,C1C1,2019-01-01,AUTOTEST,,0,PY1,NPI12345,PY1,2019-01-01,2019008SG02780999,0,AUTO007,2019-12-31,40,0,MED,,T1
PPO to HMO,MEM000010,EA,2019-01-01,PROV12345,10,LIC12345,INDT1OOP,2019008SG02780999,C1C1,2019-01-01,AUTOTEST,,0,PY1,NPI12345,PY1,2019-01-01,2019008SG02780999,0,AUTO007,2019-12-31,100,0,MED,,T1
PPO to HMO,MEM000010,EA,2019-01-01,PROV12345,10,LIC12345,FAMT1OOP,2019008SG02780999,C1C1,2019-01-01,AUTOTEST,,0,PY1,NPI12345,PY1,2019-01-01,2019008SG02780999,0,AUTO007,2019-12-31,100,0,MED,,T1
PPO to HMO,MEM000010,EA,2019-01-01,PROV12345,40,LIC12345,INDT1DED,2019008SG02880999,C1C1,2019-01-01,AUTOTEST,,0,PY1,NPI12345,PY1,2019-01-01,2019008SG02880999,0,AUTO007,2019-12-31,30,0,MED,,T1
PPO to HMO,MEM000010,EA,2019-01-01,PROV12345,40,LIC12345,FAMT1DED,2019008SG02880999,C1C1,2019-01-01,AUTOTEST,,0,PY1,NPI12345,PY1,2019-01-01,2019008SG02880999,0,AUTO007,2019-12-31,30,0,MED,,T1
PPO to HMO,MEM000010,EA,2019-01-01,PROV12345,40,LIC12345,INDT1OOP,2019008SG02880999,C1C1,2019-01-01,AUTOTEST,,0,PY1,NPI12345,PY1,2019-01-01,2019008SG02880999,0,AUTO007,2019-12-31,100,0,MED,,T1
PPO to HMO,MEM000010,EA,2019-01-01,PROV12345,40,LIC12345,FAMT1OOP,2019008SG02880999,C1C1,2019-01-01,AUTOTEST,,0,PY1,NPI12345,PY1,2019-01-01,2019008SG02880999,0,AUTO007,2019-12-31,100,0,MED,,T1
PPO to HMO,MEM000010,EA,2019-08-01,PROV12345,10,LIC12345,BASINDED,2019008SG02980999,C2C2,2019-08-01,AUTOTEST,,0,PY1,NPI12345,PY1,2019-01-01,2019008SG02980999,0,AUTO007,2019-12-31,50,0,MED,,T1
PPO to HMO,MEM000010,EA,2019-08-01,PROV12345,10,LIC12345,BASFMDED,2019008SG02980999,C2C2,2019-08-01,AUTOTEST,,0,PY1,NPI12345,PY1,2019-01-01,2019008SG02980999,0,AUTO007,2019-12-31,50,0,MED,,T1
PPO to HMO,MEM000010,EA,2019-08-01,PROV12345,10,LIC12345,HMINDOOP,2019008SG02980999,C2C2,2019-08-01,AUTOTEST,,0,PY1,NPI12345,PY1,2019-01-01,2019008SG02980999,0,AUTO007,2019-12-31,100,0,MED,,T1
PPO to HMO,MEM000010,EA,2019-08-01,PROV12345,10,LIC12345,HMFAMOOP,2019008SG02980999,C2C2,2019-08-01,AUTOTEST,,0,PY1,NPI12345,PY1,2019-01-01,2019008SG02980999,0,AUTO007,2019-12-31,100,0,MED,,T1
PPO to HMO,MEM000010,EA,2019-08-01,PROV12345,10,LIC12345,BASINDED,2019008SG03080999,C2C2,2019-08-01,AUTOTEST,,0,PY1,NPI12345,PY1,2019-01-01,2019008SG03080999,0,AUTO007,2019-12-31,40,0,MED,,T1
PPO to HMO,MEM000010,EA,2019-08-01,PROV12345,10,LIC12345,BASFMDED,2019008SG03080999,C2C2,2019-08-01,AUTOTEST,,0,PY1,NPI12345,PY1,2019-01-01,2019008SG03080999,0,AUTO007,2019-12-31,40,0,MED,,T1
PPO to HMO,MEM000010,EA,2019-08-01,PROV12345,10,LIC12345,HMINDOOP,2019008SG03080999,C2C2,2019-08-01,AUTOTEST,,0,PY1,NPI12345,PY1,2019-01-01,2019008SG03080999,0,AUTO007,2019-12-31,100,0,MED,,T1
PPO to HMO,MEM000010,EA,2019-08-01,PROV12345,10,LIC12345,HMFAMOOP,2019008SG03080999,C2C2,2019-08-01,AUTOTEST,,0,PY1,NPI12345,PY1,2019-01-01,2019008SG03080999,0,AUTO007,2019-12-31,100,0,MED,,T1
PPO to HMO,MEM000010,EA,2019-08-01,PROV12345,40,LIC12345,BASINDED,2019008SG03180999,C2C2,2019-08-01,AUTOTEST,,0,PY1,NPI12345,PY1,2019-01-01,2019008SG03180999,0,AUTO007,2019-12-31,30,0,MED,,T1
PPO to HMO,MEM000010,EA,2019-08-01,PROV12345,40,LIC12345,BASFMDED,2019008SG03180999,C2C2,2019-08-01,AUTOTEST,,0,PY1,NPI12345,PY1,2019-01-01,2019008SG03180999,0,AUTO007,2019-12-31,30,0,MED,,T1
PPO to HMO,MEM000010,EA,2019-08-01,PROV12345,40,LIC12345,HMINDOOP,2019008SG03180999,C2C2,2019-08-01,AUTOTEST,,0,PY1,NPI12345,PY1,2019-01-01,2019008SG03180999,0,AUTO007,2019-12-31,100,0,MED,,T1
PPO to HMO,MEM000010,EA,2019-08-01,PROV12345,40,LIC12345,HMFAMOOP,2019008SG03180999,C2C2,2019-08-01,AUTOTEST,,0,PY1,NPI12345,PY1,2019-01-01,2019008SG03180999,0,AUTO007,2019-12-31,100,0,MED,,T1
Hidden Transaction,MEM000143,EA,2019-05-01,PROV12345,10,LIC12345,BASINDED,2019008SH07480999,MC0050,2019-05-01,AUTOTEST,,0,PY1,NPI12345,PY1,2019-01-01,2019008SH07480999,0,AUTO035,2019-12-31,50,0,DMY,,T1
Hidden Transaction,MEM000143,EA,2019-05-01,PROV12345,10,LIC12345,BASFMDED,2019008SH07480999,MC0050,2019-05-01,AUTOTEST,,0,PY1,NPI12345,PY1,2019-01-01,2019008SH07480999,0,AUTO035,2019-12-31,50,0,DMY,,T1
Hidden Transaction,MEM000143,EA,2019-05-01,PROV12345,10,LIC12345,HMINDOOP,2019008SH07480999,MC0050,2019-05-01,AUTOTEST,,0,PY1,NPI12345,PY1,2019-01-01,2019008SH07480999,0,AUTO035,2019-12-31,100,0,DMY,,T1
Hidden Transaction,MEM000143,EA,2019-05-01,PROV12345,10,LIC12345,HMFAMOOP,2019008SH07480999,MC0050,2019-05-01,AUTOTEST,,0,PY1,NPI12345,PY1,2019-01-01,2019008SH07480999,0,AUTO035,2019-12-31,100,0,DMY,,T1
Hidden Transaction,MEM000143,EA,2019-05-01,PROV12345,10,LIC12345,BASINDED,2019008SH07580999,MC0050,2019-05-01,AUTOTEST,,0,PY1,NPI12345,PY1,2019-01-01,2019008SH07580999,0,AUTO035,2019-12-31,50,0,MED,,T1
Hidden Transaction,MEM000143,EA,2019-05-01,PROV12345,10,LIC12345,BASFMDED,2019008SH07580999,MC0050,2019-05-01,AUTOTEST,,0,PY1,NPI12345,PY1,2019-01-01,2019008SH07580999,0,AUTO035,2019-12-31,50,0,MED,,T1
Hidden Transaction,MEM000143,EA,2019-05-01,PROV12345,10,LIC12345,HMINDOOP,2019008SH07580999,MC0050,2019-05-01,AUTOTEST,,0,PY1,NPI12345,PY1,2019-01-01,2019008SH07580999,0,AUTO035,2019-12-31,100,0,MED,,T1
Hidden Transaction,MEM000143,EA,2019-05-01,PROV12345,10,LIC12345,HMFAMOOP,2019008SH07580999,MC0050,2019-05-01,AUTOTEST,,0,PY1,NPI12345,PY1,2019-01-01,2019008SH07580999,0,AUTO035,2019-12-31,100,0,MED,,T1
Hidden Transaction,MEM000143,EA,2019-05-01,PROV12345,10,LIC12345,BASINDED,2019008SH07680999,MC0050,2019-05-01,AUTOTEST,,0,PY1,NPI12345,PY1,2019-01-01,2019008SH07680999,0,AUTO035,2019-12-31,40,0,MED,,T1
Hidden Transaction,MEM000143,EA,2019-05-01,PROV12345,10,LIC12345,BASFMDED,2019008SH07680999,MC0050,2019-05-01,AUTOTEST,,0,PY1,NPI12345,PY1,2019-01-01,2019008SH07680999,0,AUTO035,2019-12-31,40,0,MED,,T1
Hidden Transaction,MEM000143,EA,2019-05-01,PROV12345,10,LIC12345,HMINDOOP,2019008SH07680999,MC0050,2019-05-01,AUTOTEST,,0,PY1,NPI12345,PY1,2019-01-01,2019008SH07680999,0,AUTO035,2019-12-31,100,0,MED,,T1
Hidden Transaction,MEM000143,EA,2019-05-01,PROV12345,10,LIC12345,HMFAMOOP,2019008SH07680999,MC0050,2019-05-01,AUTOTEST,,0,PY1,NPI12345,PY1,2019-01-01,2019008SH07680999,0,AUTO035,2019-12-31,100,0,MED,,T1
Hidden Transaction,MEM000143,EA,2019-05-01,PROV12345,40,LIC12345,BASINDED,2019008SH07780999,MC0050,2019-05-01,AUTOTEST,,0,PY1,NPI12345,PY1,2019-01-01,2019008SH07780999,0,AUTO035,2019-12-31,30,0,MED,,T1
Hidden Transaction,MEM000143,EA,2019-05-01,PROV12345,40,LIC12345,BASFMDED,2019008SH07780999,MC0050,2019-05-01,AUTOTEST,,0,PY1,NPI12345,PY1,2019-01-01,2019008SH07780999,0,AUTO035,2019-12-31,30,0,MED,,T1
Hidden Transaction,MEM000143,EA,2019-05-01,PROV12345,40,LIC12345,HMINDOOP,2019008SH07780999,MC0050,2019-05-01,AUTOTEST,,0,PY1,NPI12345,PY1,2019-01-01,2019008SH07780999,0,AUTO035,2019-12-31,100,0,MED,,T1
Hidden Transaction,MEM000143,EA,2019-05-01,PROV12345,40,LIC12345,HMFAMOOP,2019008SH07780999,MC0050,2019-05-01,AUTOTEST,,0,PY1,NPI12345,PY1,2019-01-01,2019008SH07780999,0,AUTO035,2019-12-31,100,0,MED,,T1
Only DED Claims,MEM000106,EA,2019-05-01,PROV12345,10,LIC12345,BASINDED,2019008SH03280999,MC0105,2019-05-01,AUTOTEST,,0,PY1,NPI12345,PY1,2019-01-01,2019008SH03280999,0,AUTO105,2019-12-31,50,0,MED,,T1
Only DED Claims,MEM000106,EA,2019-05-01,PROV12345,10,LIC12345,BASFMDED,2019008SH03280999,MC0105,2019-05-01,AUTOTEST,,0,PY1,NPI12345,PY1,2019-01-01,2019008SH03280999,0,AUTO105,2019-12-31,50,0,MED,,T1
Only DED Claims,MEM000106,EA,2019-05-01,PROV12345,10,LIC12345,BASINDED,2019008SH03380999,MC0105,2019-05-01,AUTOTEST,,0,PY1,NPI12345,PY1,2019-01-01,2019008SH03380999,0,AUTO105,2019-12-31,40,0,MED,,T1
Only DED Claims,MEM000106,EA,2019-05-01,PROV12345,10,LIC12345,BASFMDED,2019008SH03380999,MC0105,2019-05-01,AUTOTEST,,0,PY1,NPI12345,PY1,2019-01-01,2019008SH03380999,0,AUTO105,2019-12-31,40,0,MED,,T1
Only DED Claims,MEM000106,EA,2019-05-01,PROV12345,40,LIC12345,BASINDED,2019008SH03480999,MC0105,2019-05-01,AUTOTEST,,0,PY1,NPI12345,PY1,2019-01-01,2019008SH03480999,0,AUTO105,2019-12-31,20,0,MED,,T1
Only DED Claims,MEM000106,EA,2019-05-01,PROV12345,40,LIC12345,BASFMDED,2019008SH03480999,MC0105,2019-05-01,AUTOTEST,,0,PY1,NPI12345,PY1,2019-01-01,2019008SH03480999,0,AUTO105,2019-12-31,20,0,MED,,T1
Only OOP Claims,MEM000107,EA,2019-05-01,PROV12345,10,LIC12345,HMINDOOP,2019008SH03580999,MC0106,2019-05-01,AUTOTEST,,0,PY1,NPI12345,PY1,2019-01-01,2019008SH03580999,0,AUTO106,2019-12-31,100,0,MED,,T1
Only OOP Claims,MEM000107,EA,2019-05-01,PROV12345,10,LIC12345,HMFAMOOP,2019008SH03580999,MC0106,2019-05-01,AUTOTEST,,0,PY1,NPI12345,PY1,2019-01-01,2019008SH03580999,0,AUTO106,2019-12-31,100,0,MED,,T1
Only OOP Claims,MEM000107,EA,2019-05-01,PROV12345,10,LIC12345,HMINDOOP,2019008SH03680999,MC0106,2019-05-01,AUTOTEST,,0,PY1,NPI12345,PY1,2019-01-01,2019008SH03680999,0,AUTO106,2019-12-31,100,0,MED,,T1
Only OOP Claims,MEM000107,EA,2019-05-01,PROV12345,10,LIC12345,HMFAMOOP,2019008SH03680999,MC0106,2019-05-01,AUTOTEST,,0,PY1,NPI12345,PY1,2019-01-01,2019008SH03680999,0,AUTO106,2019-12-31,100,0,MED,,T1
Only OOP Claims,MEM000107,EA,2019-05-01,PROV12345,10,LIC12345,HMINDOOP,2019008SH03780999,MC0106,2019-05-01,AUTOTEST,,0,PY1,NPI12345,PY1,2019-01-01,2019008SH03780999,0,AUTO106,2019-12-31,100,0,MED,,T1
Only OOP Claims,MEM000107,EA,2019-05-01,PROV12345,10,LIC12345,HMFAMOOP,2019008SH03780999,MC0106,2019-05-01,AUTOTEST,,0,PY1,NPI12345,PY1,2019-01-01,2019008SH03780999,0,AUTO106,2019-12-31,100,0,MED,,T1
Only OOP Claims,MEM000107,EA,2019-05-01,PROV12345,40,LIC12345,HMINDOOP,2019008SH03880999,MC0106,2019-05-01,AUTOTEST,,0,PY1,NPI12345,PY1,2019-01-01,2019008SH03880999,0,AUTO106,2019-12-31,100,0,MED,,T1
Only OOP Claims,MEM000107,EA,2019-05-01,PROV12345,40,LIC12345,HMFAMOOP,2019008SH03880999,MC0106,2019-05-01,AUTOTEST,,0,PY1,NPI12345,PY1,2019-01-01,2019008SH03880999,0,AUTO106,2019-12-31,100,0,MED,,T1
Only Non-Cost Share Claims,MEM000054,EA,2019-05-01,PROV12345,10,LIC12345,FERTLFMX,2019008SH03980999,MC0063,2019-05-01,AUTOTEST,,0,PY1,NPI12345,PY1,2019-01-01,2019008SH03980999,0,AUTO048,2019-12-31,50,0,MED,,T1
Only Non-Cost Share Claims,MEM000054,EA,2019-05-01,PROV12345,10,LIC12345,FERTLFMX,2019008SH04080999,MC0063,2019-05-01,AUTOTEST,,0,PY1,NPI12345,PY1,2019-01-01,2019008SH04080999,0,AUTO048,2019-12-31,50,0,MED,,T1
Only Non-Cost Share Claims,MEM000054,EA,2019-05-01,PROV12345,40,LIC12345,PRVDIAG,2019008SH04180999,MC0063,2019-05-01,AUTOTEST,,0,PY1,NPI12345,PY1,2019-01-01,2019008SH04180999,0,AUTO048,2019-12-31,50,0,MED,,T1
Multi-year Non-Cost Share,MEM000052,EA,2015-06-06,PROV12345,10,LIC12345,PINDED,2019008SH04280999,MC0061,2015-06-06,AUTOTEST,,0,PY1,NPI12345,PY1,2015-01-01,2019008SH04280999,0,AUTO046,2015-12-31,50,0,MED,,T1
Multi-year Non-Cost Share,MEM000052,EA,2015-06-06,PROV12345,10,LIC12345,PFMDED,2019008SH04280999,MC0061,2015-06-06,AUTOTEST,,0,PY1,NPI12345,PY1,2015-01-01,2019008SH04280999,0,AUTO046,2015-12-31,50,0,MED,,T1
Multi-year Non-Cost Share,MEM000052,EA,2015-06-06,PROV12345,10,LIC12345,IINOOP,2019008SH04280999,MC0061,2015-06-06,AUTOTEST,,0,PY1,NPI12345,PY1,2015-01-01,2019008SH04280999,0,AUTO046,2015-12-31,100,0,MED,,T1
Multi-year Non-Cost Share,MEM000052,EA,2015-06-06,PROV12345,10,LIC12345,FOOPPBOC,2019008SH04280999,MC0061,2015-06-06,AUTOTEST,,0,PY1,NPI12345,PY1,2015-01-01,2019008SH04280999,0,AUTO046,2015-12-31,100,0,MED,,T1
Multi-year Non-Cost Share,MEM000052,EA,2015-07-07,PROV12345,10,LIC12345,PINDED,2019008SH04380999,MC0061,2015-07-07,AUTOTEST,,0,PY1,NPI12345,PY1,2015-01-01,2019008SH04380999,0,AUTO046,2015-12-31,40,0,MED,,T1
Multi-year Non-Cost Share,MEM000052,EA,2015-07-07,PROV12345,10,LIC12345,PFMDED,2019008SH04380999,MC0061,2015-07-07,AUTOTEST,,0,PY1,NPI12345,PY1,2015-01-01,2019008SH04380999,0,AUTO046,2015-12-31,40,0,MED,,T1
Multi-year Non-Cost Share,MEM000052,EA,2015-07-07,PROV12345,10,LIC12345,IINOOP,2019008SH04380999,MC0061,2015-07-07,AUTOTEST,,0,PY1,NPI12345,PY1,2015-01-01,2019008SH04380999,0,AUTO046,2015-12-31,100,0,MED,,T1
Multi-year Non-Cost Share,MEM000052,EA,2015-07-07,PROV12345,10,LIC12345,FOOPPBOC,2019008SH04380999,MC0061,2015-07-07,AUTOTEST,,0,PY1,NPI12345,PY1,2015-01-01,2019008SH04380999,0,AUTO046,2015-12-31,100,0,MED,,T1
Multi-year Non-Cost Share,MEM000052,EA,2016-08-08,PROV12345,40,LIC12345,PINDED,2019008SH04480999,MC0061,2016-08-08,AUTOTEST,,0,PY1,NPI12345,PY1,2016-01-01,2019008SH04480999,0,AUTO046,2016-12-31,30,0,MED,,T1
Multi-year Non-Cost Share,MEM000052,EA,2016-08-08,PROV12345,40,LIC12345,PFMDED,2019008SH04480999,MC0061,2016-08-08,AUTOTEST,,0,PY1,NPI12345,PY1,2016-01-01,2019008SH04480999,0,AUTO046,2016-12-31,30,0,MED,,T1
Multi-year Non-Cost Share,MEM000052,EA,2016-08-08,PROV12345,40,LIC12345,IINOOP,2019008SH04480999,MC0061,2016-08-08,AUTOTEST,,0,PY1,NPI12345,PY1,2016-01-01,2019008SH04480999,0,AUTO046,2016-12-31,100,0,MED,,T1
Multi-year Non-Cost Share,MEM000052,EA,2016-08-08,PROV12345,40,LIC12345,FOOPPBOC,2019008SH04480999,MC0061,2016-08-08,AUTOTEST,,0,PY1,NPI12345,PY1,2016-01-01,2019008SH04480999,0,AUTO046,2016-12-31,100,0,MED,,T1
Multi-year Non-Cost Share,MEM000052,EA,2017-06-09,PROV12345,40,LIC12345,FERTLFMX,2019008SH04680999,MC0061,2017-06-09,AUTOTEST,,0,PY1,NPI12345,PY1,2017-01-01,2019008SH04680999,0,AUTO046,2017-12-31,40,0,MED,,T1
Multi-year Non-Cost Share,MEM000052,EA,2018-06-09,PROV12345,40,LIC12345,FERTLFMX,2019008SH04780999,MC0061,2018-06-09,AUTOTEST,,0,PY1,NPI12345,PY1,2018-01-01,2019008SH04780999,0,AUTO046,2018-12-31,40,0,MED,,T1
Multi-year Non-Cost Share,MEM000052,EA,2019-06-09,PROV12345,40,LIC12345,FERTLFMX,2019008SH04880999,MC0061,2019-06-09,AUTOTEST,,0,PY1,NPI12345,PY1,2019-01-01,2019008SH04880999,0,AUTO046,2019-12-31,50,0,MED,,T1
Multi-year Non-Cost Share,MEM000052,EA,2017-06-09,PROV12345,40,LIC12345,MULTYEAR,2019008SH04980999,MC0061,2017-06-09,AUTOTEST,,0,PY1,NPI12345,PY1,2017-01-01,2019008SH04980999,0,AUTO046,2019-12-31,60,0,MED,,T1
Claim with different tier,MEM000034,EA,2019-05-05,PROV12345,10,LIC12345,PINDED,2019009ZW00080999,MC0033,2019-05-05,AUTOTEST,,0,PY1,NPI12345,PY1,2019-01-01,2019009ZW00080999,0,AUTO026,2019-12-31,60,0,MED,,T1
Claim with different tier,MEM000034,EA,2019-05-05,PROV12345,10,LIC12345,PFMDED,2019009ZW00080999,MC0033,2019-05-05,AUTOTEST,,0,PY1,NPI12345,PY1,2019-01-01,2019009ZW00080999,0,AUTO026,2019-12-31,60,0,MED,,T1
Claim with different tier,MEM000034,EA,2019-05-05,PROV12345,10,LIC12345,IINOOP,2019009ZW00080999,MC0033,2019-05-05,AUTOTEST,,0,PY1,NPI12345,PY1,2019-01-01,2019009ZW00080999,0,AUTO026,2019-12-31,200,0,MED,,T1
Claim with different tier,MEM000034,EA,2019-05-05,PROV12345,10,LIC12345,FOOPPBOC,2019009ZW00080999,MC0033,2019-05-05,AUTOTEST,,0,PY1,NPI12345,PY1,2019-01-01,2019009ZW00080999,0,AUTO026,2019-12-31,200,0,MED,,T1
Claim with different tier,MEM000034,EA,2019-05-05,PROV12345,10,LIC12345,PINDED,2019009ZW00180999,MC0033,2019-05-05,AUTOTEST,,0,PY1,NPI12345,PY1,2019-01-01,2019009ZW00180999,0,AUTO026,2019-12-31,40,0,MED,,T1
Claim with different tier,MEM000034,EA,2019-05-05,PROV12345,10,LIC12345,PFMDED,2019009ZW00180999,MC0033,2019-05-05,AUTOTEST,,0,PY1,NPI12345,PY1,2019-01-01,2019009ZW00180999,0,AUTO026,2019-12-31,40,0,MED,,T1
Claim with different tier,MEM000034,EA,2019-05-05,PROV12345,10,LIC12345,IINOOP,2019009ZW00180999,MC0033,2019-05-05,AUTOTEST,,0,PY1,NPI12345,PY1,2019-01-01,2019009ZW00180999,0,AUTO026,2019-12-31,200,0,MED,,T1
Claim with different tier,MEM000034,EA,2019-05-05,PROV12345,10,LIC12345,FOOPPBOC,2019009ZW00180999,MC0033,2019-05-05,AUTOTEST,,0,PY1,NPI12345,PY1,2019-01-01,2019009ZW00180999,0,AUTO026,2019-12-31,200,0,MED,,T1
Claim with different tier,MEM000034,EA,2019-05-05,PROV12345,40,LIC12345,PINDED,2019009ZW00280999,MC0033,2019-05-05,AUTOTEST,,0,PY1,NPI12345,PY1,2019-01-01,2019009ZW00280999,0,AUTO026,2019-12-31,50,0,MED,,T1
Claim with different tier,MEM000034,EA,2019-05-05,PROV12345,40,LIC12345,PFMDED,2019009ZW00280999,MC0033,2019-05-05,AUTOTEST,,0,PY1,NPI12345,PY1,2019-01-01,2019009ZW00280999,0,AUTO026,2019-12-31,50,0,MED,,T1
Claim with different tier,MEM000034,EA,2019-05-05,PROV12345,40,LIC12345,IINOOP,2019009ZW00280999,MC0033,2019-05-05,AUTOTEST,,0,PY1,NPI12345,PY1,2019-01-01,2019009ZW00280999,0,AUTO026,2019-12-31,100,0,MED,,T1
Claim with different tier,MEM000034,EA,2019-05-05,PROV12345,40,LIC12345,FOOPPBOC,2019009ZW00280999,MC0033,2019-05-05,AUTOTEST,,0,PY1,NPI12345,PY1,2019-01-01,2019009ZW00280999,0,AUTO026,2019-12-31,100,0,MED,,T1
Claim with different tier,MEM000034,EA,2019-05-05,PROV12345,40,LIC12345,PINDED,2019009ZW00380999,MC0033,2019-05-05,AUTOTEST,,0,PY1,NPI12345,PY1,2019-01-01,2019009ZW00380999,0,AUTO026,2019-12-31,30,0,MED,,T1
Claim with different tier,MEM000034,EA,2019-05-05,PROV12345,40,LIC12345,PFMDED,2019009ZW00380999,MC0033,2019-05-05,AUTOTEST,,0,PY1,NPI12345,PY1,2019-01-01,2019009ZW00380999,0,AUTO026,2019-12-31,30,0,MED,,T1
Claim with different tier,MEM000034,EA,2019-05-05,PROV12345,40,LIC12345,IINOOP,2019009ZW00380999,MC0033,2019-05-05,AUTOTEST,,0,PY1,NPI12345,PY1,2019-01-01,2019009ZW00380999,0,AUTO026,2019-12-31,100,0,MED,,T1
Claim with different tier,MEM000034,EA,2019-05-05,PROV12345,40,LIC12345,FOOPPBOC,2019009ZW00380999,MC0033,2019-05-05,AUTOTEST,,0,PY1,NPI12345,PY1,2019-01-01,2019009ZW00380999,0,AUTO026,2019-12-31,100,0,MED,,T1
Claims under 2 tiers,MEM000041,EA,2019-05-05,PROV12345,10,LIC12345,PINDED,2019009ZW00480999,MC0047,2019-05-05,AUTOTEST,,0,PY1,NPI12345,PY1,2019-01-01,2019009ZW00480999,0,AUTO033,2019-12-31,50,0,MED,,T1
Claims under 2 tiers,MEM000041,EA,2019-05-05,PROV12345,10,LIC12345,PFMDED,2019009ZW00480999,MC0047,2019-05-05,AUTOTEST,,0,PY1,NPI12345,PY1,2019-01-01,2019009ZW00480999,0,AUTO033,2019-12-31,50,0,MED,,T1
Claims under 2 tiers,MEM000041,EA,2019-05-05,PROV12345,10,LIC12345,IINOOP,2019009ZW00480999,MC0047,2019-05-05,AUTOTEST,,0,PY1,NPI12345,PY1,2019-01-01,2019009ZW00480999,0,AUTO033,2019-12-31,100,0,MED,,T1
Claims under 2 tiers,MEM000041,EA,2019-05-05,PROV12345,10,LIC12345,FOOPPBOC,2019009ZW00480999,MC0047,2019-05-05,AUTOTEST,,0,PY1,NPI12345,PY1,2019-01-01,2019009ZW00480999,0,AUTO033,2019-12-31,100,0,MED,,T1
Claims under 2 tiers,MEM000041,EA,2019-05-05,PROV12345,10,LIC12345,PINDED,2019009ZW00580999,MC0041,2019-05-05,AUTOTEST,,0,PY1,NPI12345,PY1,2019-01-01,2019009ZW00580999,0,AUTO033,2019-12-31,40,1,MED,,T1
Claims under 2 tiers,MEM000041,EA,2019-05-05,PROV12345,10,LIC12345,PFMDED,2019009ZW00580999,MC0041,2019-05-05,AUTOTEST,,0,PY1,NPI12345,PY1,2019-01-01,2019009ZW00580999,0,AUTO033,2019-12-31,40,1,MED,,T1
Claims under 2 tiers,MEM000041,EA,2019-05-05,PROV12345,10,LIC12345,IINOOP,2019009ZW00580999,MC0041,2019-05-05,AUTOTEST,,0,PY1,NPI12345,PY1,2019-01-01,2019009ZW00580999,0,AUTO033,2019-12-31,100,1,MED,,T1
Claims under 2 tiers,MEM000041,EA,2019-05-05,PROV12345,10,LIC12345,FOOPPBOC,2019009ZW00580999,MC0041,2019-05-05,AUTOTEST,,0,PY1,NPI12345,PY1,2019-01-01,2019009ZW00580999,0,AUTO033,2019-12-31,100,1,MED,,T1
Claims under 2 tiers,MEM000041,EA,2019-05-05,PROV12345,40,LIC12345,PINDED,2019009ZW00680999,MC0047,2019-05-05,AUTOTEST,,0,PY1,NPI12345,PY1,2019-01-01,2019009ZW00680999,0,AUTO033,2019-12-31,30,0,MED,,T1
Claims under 2 tiers,MEM000041,EA,2019-05-05,PROV12345,40,LIC12345,PFMDED,2019009ZW00680999,MC0047,2019-05-05,AUTOTEST,,0,PY1,NPI12345,PY1,2019-01-01,2019009ZW00680999,0,AUTO033,2019-12-31,30,0,MED,,T1
Claims under 2 tiers,MEM000041,EA,2019-05-05,PROV12345,40,LIC12345,IINOOP,2019009ZW00680999,MC0047,2019-05-05,AUTOTEST,,0,PY1,NPI12345,PY1,2019-01-01,2019009ZW00680999,0,AUTO033,2019-12-31,100,0,MED,,T1
Claims under 2 tiers,MEM000041,EA,2019-05-05,PROV12345,40,LIC12345,FOOPPBOC,2019009ZW00680999,MC0047,2019-05-05,AUTOTEST,,0,PY1,NPI12345,PY1,2019-01-01,2019009ZW00680999,0,AUTO033,2019-12-31,100,0,MED,,T1
Claims under 2 tiers,MEM000041,EA,2019-05-05,PROV12345,40,LIC12345,PINDED,2019009ZW00780999,MC0041,2019-05-05,AUTOTEST,,0,PY1,NPI12345,PY1,2019-01-01,2019009ZW00780999,0,AUTO033,2019-12-31,20,1,MED,,T1
Claims under 2 tiers,MEM000041,EA,2019-05-05,PROV12345,40,LIC12345,PFMDED,2019009ZW00780999,MC0041,2019-05-05,AUTOTEST,,0,PY1,NPI12345,PY1,2019-01-01,2019009ZW00780999,0,AUTO033,2019-12-31,20,1,MED,,T1
Claims under 2 tiers,MEM000041,EA,2019-05-05,PROV12345,40,LIC12345,IINOOP,2019009ZW00780999,MC0041,2019-05-05,AUTOTEST,,0,PY1,NPI12345,PY1,2019-01-01,2019009ZW00780999,0,AUTO033,2019-12-31,100,1,MED,,T1
Claims under 2 tiers,MEM000041,EA,2019-05-05,PROV12345,40,LIC12345,FOOPPBOC,2019009ZW00780999,MC0041,2019-05-05,AUTOTEST,,0,PY1,NPI12345,PY1,2019-01-01,2019009ZW00780999,0,AUTO033,2019-12-31,100,1,MED,,T1
Get- incorrect HCID,MEM000037,EA,2019-05-05,PROV12345,10,LIC12345,PINDED,2019009ZW00880999,MC0038,2019-05-05,AUTOTEST,,0,PY1,NPI12345,PY1,2019-01-01,2019009ZW00880999,0,AUTO029,2019-12-31,50,0,MED,,T1
Get- incorrect HCID,MEM000037,EA,2019-05-05,PROV12345,10,LIC12345,PFMDED,2019009ZW00880999,MC0038,2019-05-05,AUTOTEST,,0,PY1,NPI12345,PY1,2019-01-01,2019009ZW00880999,0,AUTO029,2019-12-31,50,0,MED,,T1
Get- incorrect HCID,MEM000037,EA,2019-05-05,PROV12345,10,LIC12345,IINOOP,2019009ZW00880999,MC0038,2019-05-05,AUTOTEST,,0,PY1,NPI12345,PY1,2019-01-01,2019009ZW00880999,0,AUTO029,2019-12-31,100,0,MED,,T1
Get- incorrect HCID,MEM000037,EA,2019-05-05,PROV12345,10,LIC12345,FOOPPBOC,2019009ZW00880999,MC0038,2019-05-05,AUTOTEST,,0,PY1,NPI12345,PY1,2019-01-01,2019009ZW00880999,0,AUTO029,2019-12-31,100,0,MED,,T1
Get- incorrect HCID,MEM000037,EA,2019-05-05,PROV12345,40,LIC12345,PINDED,2019009ZW00980999,MC0038,2019-05-05,AUTOTEST,,0,PY1,NPI12345,PY1,2019-01-01,2019009ZW00980999,0,AUTO029,2019-12-31,40,0,MED,,T1
Get- incorrect HCID,MEM000037,EA,2019-05-05,PROV12345,40,LIC12345,PFMDED,2019009ZW00980999,MC0038,2019-05-05,AUTOTEST,,0,PY1,NPI12345,PY1,2019-01-01,2019009ZW00980999,0,AUTO029,2019-12-31,40,0,MED,,T1
Get- incorrect HCID,MEM000037,EA,2019-05-05,PROV12345,40,LIC12345,IINOOP,2019009ZW00980999,MC0038,2019-05-05,AUTOTEST,,0,PY1,NPI12345,PY1,2019-01-01,2019009ZW00980999,0,AUTO029,2019-12-31,100,0,MED,,T1
Get- incorrect HCID,MEM000037,EA,2019-05-05,PROV12345,40,LIC12345,FOOPPBOC,2019009ZW00980999,MC0038,2019-05-05,AUTOTEST,,0,PY1,NPI12345,PY1,2019-01-01,2019009ZW00980999,0,AUTO029,2019-12-31,100,0,MED,,T1
New Born Member,MEM000100,EA,2019-05-05,PROV12345,10,LIC12345,PINDED,2019009ZW01080999,MC0100,2019-05-05,AUTOTEST,,0,PY1,NPI12345,PY1,2019-01-01,2019009ZW01080999,0,AUTO100,2019-12-31,50,0,MED,,T1
New Born Member,MEM000100,EA,2019-05-05,PROV12345,10,LIC12345,PFMDED,2019009ZW01080999,MC0100,2019-05-05,AUTOTEST,,0,PY1,NPI12345,PY1,2019-01-01,2019009ZW01080999,0,AUTO100,2019-12-31,50,0,MED,,T1
New Born Member,MEM000100,EA,2019-05-05,PROV12345,10,LIC12345,IINOOP,2019009ZW01080999,MC0100,2019-05-05,AUTOTEST,,0,PY1,NPI12345,PY1,2019-01-01,2019009ZW01080999,0,AUTO100,2019-12-31,100,0,MED,,T1
New Born Member,MEM000100,EA,2019-05-05,PROV12345,10,LIC12345,FOOPPBOC,2019009ZW01080999,MC0100,2019-05-05,AUTOTEST,,0,PY1,NPI12345,PY1,2019-01-01,2019009ZW01080999,0,AUTO100,2019-12-31,100,0,MED,,T1
New Born Member,MEM000100,EA,2019-05-05,PROV12345,40,LIC12345,PINDED,2019009ZW01180999,MC0100,2019-05-05,AUTOTEST,,0,PY1,NPI12345,PY1,2019-01-01,2019009ZW01180999,0,AUTO100,2019-12-31,30,0,MED,,T1
New Born Member,MEM000100,EA,2019-05-05,PROV12345,40,LIC12345,PFMDED,2019009ZW01180999,MC0100,2019-05-05,AUTOTEST,,0,PY1,NPI12345,PY1,2019-01-01,2019009ZW01180999,0,AUTO100,2019-12-31,30,0,MED,,T1
New Born Member,MEM000100,EA,2019-05-05,PROV12345,40,LIC12345,IINOOP,2019009ZW01180999,MC0100,2019-05-05,AUTOTEST,,0,PY1,NPI12345,PY1,2019-01-01,2019009ZW01180999,0,AUTO100,2019-12-31,100,0,MED,,T1
New Born Member,MEM000100,EA,2019-05-05,PROV12345,40,LIC12345,FOOPPBOC,2019009ZW01180999,MC0100,2019-05-05,AUTOTEST,,0,PY1,NPI12345,PY1,2019-01-01,2019009ZW01180999,0,AUTO100,2019-12-31,100,0,MED,,T1
New Born Member,MEM000100,EA,2019-05-05,PROV12345,51,LIC12345,PINDED,2019009ZW01280999,MC0100,2019-05-05,AUTOTEST,,0,PY1,NPI12345,PY1,2019-01-01,2019009ZW01280999,0,AUTO100,2019-12-31,50,0,MED,,T1
New Born Member,MEM000100,EA,2019-05-05,PROV12345,51,LIC12345,PFMDED,2019009ZW01280999,MC0100,2019-05-05,AUTOTEST,,0,PY1,NPI12345,PY1,2019-01-01,2019009ZW01280999,0,AUTO100,2019-12-31,50,0,MED,,T1
New Born Member,MEM000100,EA,2019-05-05,PROV12345,51,LIC12345,IINOOP,2019009ZW01280999,MC0100,2019-05-05,AUTOTEST,,0,PY1,NPI12345,PY1,2019-01-01,2019009ZW01280999,0,AUTO100,2019-12-31,100,0,MED,,T1
New Born Member,MEM000100,EA,2019-05-05,PROV12345,51,LIC12345,FOOPPBOC,2019009ZW01280999,MC0100,2019-05-05,AUTOTEST,,0,PY1,NPI12345,PY1,2019-01-01,2019009ZW01280999,0,AUTO100,2019-12-31,100,0,MED,,T1
NewBorn 99,MEM000180,EA,2019-05-05,PROV12345,10,LIC12345,PINDED,2019009ZW01380999,MC0180,2019-05-05,AUTOTEST,,0,PY1,NPI12345,PY1,2019-01-01,2019009ZW01380999,0,AUTO180,2019-12-31,50,0,MED,,T1
NewBorn 99,MEM000180,EA,2019-05-05,PROV12345,10,LIC12345,PFMDED,2019009ZW01380999,MC0180,2019-05-05,AUTOTEST,,0,PY1,NPI12345,PY1,2019-01-01,2019009ZW01380999,0,AUTO180,2019-12-31,50,0,MED,,T1
NewBorn 99,MEM000180,EA,2019-05-05,PROV12345,10,LIC12345,IINOOP,2019009ZW01380999,MC0180,2019-05-05,AUTOTEST,,0,PY1,NPI12345,PY1,2019-01-01,2019009ZW01380999,0,AUTO180,2019-12-31,100,0,MED,,T1
NewBorn 99,MEM000180,EA,2019-05-05,PROV12345,10,LIC12345,FOOPPBOC,2019009ZW01380999,MC0180,2019-05-05,AUTOTEST,,0,PY1,NPI12345,PY1,2019-01-01,2019009ZW01380999,0,AUTO180,2019-12-31,100,0,MED,,T1
NewBorn 99,MEM000180,EA,2019-05-05,PROV12345,40,LIC12345,PINDED,2019009ZW01480999,MC0180,2019-05-05,AUTOTEST,,0,PY1,NPI12345,PY1,2019-01-01,2019009ZW01480999,0,AUTO180,2019-12-31,30,0,MED,,T1
NewBorn 99,MEM000180,EA,2019-05-05,PROV12345,40,LIC12345,PFMDED,2019009ZW01480999,MC0180,2019-05-05,AUTOTEST,,0,PY1,NPI12345,PY1,2019-01-01,2019009ZW01480999,0,AUTO180,2019-12-31,30,0,MED,,T1
NewBorn 99,MEM000180,EA,2019-05-05,PROV12345,40,LIC12345,IINOOP,2019009ZW01480999,MC0180,2019-05-05,AUTOTEST,,0,PY1,NPI12345,PY1,2019-01-01,2019009ZW01480999,0,AUTO180,2019-12-31,100,0,MED,,T1
NewBorn 99,MEM000180,EA,2019-05-05,PROV12345,40,LIC12345,FOOPPBOC,2019009ZW01480999,MC0180,2019-05-05,AUTOTEST,,0,PY1,NPI12345,PY1,2019-01-01,2019009ZW01480999,0,AUTO180,2019-12-31,100,0,MED,,T1
NewBorn 99,MEM000180,EA,2019-05-05,PROV12345,99,LIC12345,PINDED,2019009ZW01580999,MC0180,2019-05-05,AUTOTEST,,0,PY1,NPI12345,PY1,2019-01-01,2019009ZW01580999,0,AUTO180,2019-12-31,50,0,MED,,T1
NewBorn 99,MEM000180,EA,2019-05-05,PROV12345,99,LIC12345,PFMDED,2019009ZW01580999,MC0180,2019-05-05,AUTOTEST,,0,PY1,NPI12345,PY1,2019-01-01,2019009ZW01580999,0,AUTO180,2019-12-31,50,0,MED,,T1
NewBorn 99,MEM000180,EA,2019-05-05,PROV12345,99,LIC12345,IINOOP,2019009ZW01580999,MC0180,2019-05-05,AUTOTEST,,0,PY1,NPI12345,PY1,2019-01-01,2019009ZW01580999,0,AUTO180,2019-12-31,100,0,MED,,T1
NewBorn 99,MEM000180,EA,2019-05-05,PROV12345,99,LIC12345,FOOPPBOC,2019009ZW01580999,MC0180,2019-05-05,AUTOTEST,,0,PY1,NPI12345,PY1,2019-01-01,2019009ZW01580999,0,AUTO180,2019-12-31,100,0,MED,,T1
