ScenarioName,MemberHCID,MemberCode,MemberCase,AccumName,MemberContract,DiagnosisCode,ProviderTaxId,OrganizationCode,AccumStartDate,AccumEndDate,ServiceStartDate,ServiceEndDate,ClaimNetwork,MemberTier
Non P2P,MEM000200,10,AUTO001,BASINDED,AAAA,,PROV12345,,2019-01-01,2019-12-31,2019-05-01,2019-05-01,T1,0
Non Cost share,MEM000200,10,AUTO001,FERTLFMX,AAAA,,PROV12345,,2019-01-01,2019-12-31,2019-05-01,2019-05-01,T1,0
CF2/CF3,MEM000154,10,AUTO002,BASINDED,IIII,,PROV12345,,2019-01-01,2019-12-31,2019-05-01,2019-05-01,T1,0
CF2/CF3,MEM000154,40,AUTO002,BASINDED,IIII,,PROV12345,,2019-01-01,2019-12-31,2019-05-01,2019-05-01,T1,0
Commingled,MEM000002,10,AUTO005,NINDED,BBBB,,PROV12345,,2019-01-01,2019-12-31,2019-05-01,2019-05-01,T2,1
Dual Update,MEM000003,10,AUTO003,OINOOP,SSSS,,PROV12345,,2019-01-01,2019-12-31,2019-05-01,2019-05-01,T2,0
Cross App,MEM000005,10,AUTO004,PINDED,TTTT,,PROV12345,,2019-01-01,2019-12-31,2019-05-01,2019-05-01,T1,0
Member Tier,MEM000004,10,AUTO006,BASINDED,B1B1,,PROV12345,,2019-01-01,2019-12-31,2019-05-01,2019-05-01,T1,1
CY TO CY,MEM000007,10,AUTO008,BASINDED,QQQ1,,PROV12345,,2019-01-01,2019-12-31,2019-05-01,2019-05-01,T1,0
BY TO BY,MEM000008,10,AUTO009,BASINDED,RRR1,,PROV12345,,2019-02-01,2020-01-31,2019-05-01,2019-05-01,T1,0
PPO to HMO,MEM000010,10,AUTO007,BASINDED,C2C2,,PROV12345,,2019-01-01,2019-12-31,,,T1,0
No Claim Transaction,MEM000199,10,AUTO119,BASINDED,MC0022,,PROV12345,,2019-01-01,2019-12-31,,,T1,0
Hidden Transaction,MEM000143,10,AUTO035,BASINDED,MC0050,,PROV12345,,2019-01-01,2019-12-31,,,T1,0
Only DED Claims,MEM000106,10,AUTO105,BASINDED,MC0105,,PROV12345,,2019-01-01,2019-12-31,,,T1,0
Only OOP Claims,MEM000107,10,AUTO106,HMINDOOP,MC0106,,PROV12345,,2019-01-01,2019-12-31,,,T1,0
Only Non-Cost Share Claims,MEM000054,40,AUTO048,FERTLFMX,MC0063,,PROV12345,,2017-01-01,2017-12-31,,,T1,0
Only Non-Cost Share Claims,MEM000054,40,AUTO048,FERTLFMX,MC0063,,PROV12345,,2018-01-01,2018-12-31,,,T1,0
Only Non-Cost Share Claims,MEM000054,40,AUTO048,FERTLFMX,MC0063,,PROV12345,,2019-01-01,2019-12-31,,,T1,0
Multi-year Non-Cost Share,MEM000052,40,AUTO046,FERTLFMX,MC0061,,PROV12345,,2017-01-01,2017-12-31,,,T1,0
Multi-year Non-Cost Share,MEM000052,40,AUTO046,FERTLFMX,MC0061,,PROV12345,,2018-01-01,2018-12-31,,,T1,0
Multi-year Non-Cost Share,MEM000052,40,AUTO046,FERTLFMX,MC0061,,PROV12345,,2019-01-01,2019-12-31,,,T1,0
Claim with different tier,MEM000034,10,AUTO026,PINDED,MC0033,,PROV12345,,2019-01-01,2019-12-31,,,T1,1
Claims under 2 tiers,MEM000041,10,AUTO033,PINDED,MC0041,,PROV12345,,2019-01-01,2019-12-31,,,T1,1
Get- incorrect HCID,Dummy,10,AUTO029,PINDED,MC0038,,PROV12345,,2019-01-01,2019-12-31,,,T1,0
Get- incorrect Mem. Code,MEM000037,99,AUTO029,PINDED,MC0038,,PROV12345,,2019-01-01,2019-12-31,,,T1,0
New Born Member,MEM000100,51,AUTO100,PINDED,MC0100,,PROV12345,,2019-01-01,2019-12-31,2019-05-01,2019-05-01,T1,0
NewBorn 99,MEM000180,10,AUTO180,PINDED,MC0180,,PROV12345,,2019-01-01,2019-12-31,2019-05-01,2019-05-01,T1,0
